nanoseconds,microseconds,milliseconds,seconds,hours
1.56226e+06,1562.26,1.56226,0.00156226,4.33962e-07
927254,927.254,0.927254,0.000927254,2.57571e-07
1.75126e+06,1751.26,1.75126,0.00175126,4.8646e-07
