nanoseconds,microseconds,milliseconds,seconds,hours
320918000000,320918000000,320918000,320918,89.143888889
211690000000000,211690000000,211690000,211690,58.802777778
103700810000000,103700810000,103700810,103700.81,28.805780556
