nanoseconds,microseconds,milliseconds,seconds,hours
10530072000000000,10530072000000,10530072000,10537200,2927
10462400000000000,10462400000000,10462400000,10462400,2906.2222222
10700000430000000,10700000430000,10700000430,10700000.43,2972.2223417
