nanoseconds,microseconds,milliseconds,seconds,hours
522122,522.122,0.522122,0.000522122,1.45034e-07
1.23494e+06,1234.94,1.23494,0.00123494,3.43039e-07
1.20999e+06,1209.99,1.20999,0.00120999,3.36108e-07
