nanoseconds,microseconds,milliseconds,seconds,hours
3.14462e+06,3144.62,3.14463,0.00314463,8.73507e-07
3.11201e+06,3112.01,3.11201,0.00311201,8.64446e-07
998512,998.512,0.998512,0.000998512,2.77364e-07
