nanoseconds,microseconds,milliseconds,seconds,hours
3.30104e+10,3.30104e+07,33010.4,33.0104,0.00916955
6.41597e+09,6.41597e+06,6415.97,6.41597,0.00178221
5.98224e+09,5.98224e+06,5982.24,5.98224,0.00166173
