nanoseconds,microseconds,milliseconds,seconds,hours
2.93334e+08,293334,293.334,0.293334,8.14818e-05
2.04632e+08,204632,204.632,0.204632,5.68422e-05
9.78233e+07,97823.3,97.8233,0.0978233,2.71732e-05
