nanoseconds,microseconds,milliseconds,seconds,hours
9.67538e+07,96753.8,96.7538,0.0967538,2.68761e-05
9.28501e+07,92850.1,92.8501,0.0928501,2.57917e-05
28516,28.516,0.028516,2.8516e-05,7.92111e-09
