nanoseconds,microseconds,milliseconds,seconds,hours
105300720000000,105300720000,105300720,105372,29.2502
104624000000000,104624000000,104624000,104624,29.062222222
107000430000000,107000430000,107000430,107000.43,29.722341667
