nanoseconds,microseconds,milliseconds,seconds,hours
7025,7.025,0.007025,7.025e-06,1.95139e-09
3177,3.177,0.003177,3.177e-06,8.825e-10
8043,8.043,0.008043,8.043e-06,2.23417e-09
