nanoseconds,microseconds,milliseconds,seconds,hours
1807,1.807,0.001807,1.807e-06,5.01944e-10
36140,36.14,0.03614,3.614e-05,1.00389e-08
1.14277e+06,1142.77,1.14277,0.00114277,3.17436e-07
9.78233e+07,97823.3,97.8233,0.0978233,2.71732e-05
1.06829e+10,1.06829e+07,10682.9,10.6829,0.00296746
1.03781e+12,1.03781e+09,1.03781e+06,1037.81,0.28828
