nanoseconds,microseconds,milliseconds,seconds,hours
1833,1.833,0.001833,1.833e-06,5.09167e-10
56855,56.855,0.056855,5.6855e-05,1.57931e-08
998512,998.512,0.998512,0.000998512,2.77364e-07
9.78233e+07,97823.3,97.8233,0.0978233,2.71732e-05
1.06829e+10,1.06829e+07,10682.9,10.6829,0.00296746
1.03781e+12,1.03781e+09,1.03781e+06,1037.81,0.28828
103700810000000,103700810000,103700810,103700.81,28.805780556
10370000810000000,10370000810000,10370000810,10370000.81,2880.5557806
