nanoseconds,microseconds,milliseconds,seconds,hours
7025,7.025,0.007025,7.025e-06,1.95139e-09
82513,82.513,0.082513,8.2513e-05,2.29203e-08
717234,717.234,0.717234,0.000717234,1.99232e-07
1.56226e+06,1562.26,1.56226,0.00156226,4.33962e-07
1.68032e+07,16803.2,16.8032,0.0168032,4.66756e-06
1.99203e+08,199203,199.203,0.199203,5.53342e-05
4.53019e+10,4.53019e+07,45301.9,45.3019,0.0125839
9.88117e+11,9.88117e+08,988117,988.117,0.274477
