nanoseconds,microseconds,milliseconds,seconds,hours
4046,4.046,0.004046,4.046e-06,1.12389e-09
2211,2.211,0.002211,2.211e-06,6.14167e-10
4328,4.328,0.004328,4.328e-06,1.20222e-09
