nanoseconds,microseconds,milliseconds,seconds,hours
3109,3.109,0.003109,3.109e-06,8.63611e-10
151266,151.266,0.151266,0.000151266,4.20183e-08
3.14462e+06,3144.62,3.14463,0.00314463,8.73507e-07
2.93334e+08,293334,293.334,0.293334,8.14818e-05
3.19203e+10,3.19203e+07,31920.3,31.9203,0.00886675
3.20918e+12,3.20918e+09,3.20918e+06,3209.18,0.89144
