nanoseconds,microseconds,milliseconds,seconds,hours
62004,62.004,0.062004,6.2004e-05,1.72233e-08
54923,54.923,0.054923,5.4923e-05,1.52564e-08
54154,54.154,0.054154,5.4154e-05,1.50428e-08
