nanoseconds,microseconds,milliseconds,seconds,hours
717234,717.234,0.717234,0.000717234,1.99232e-07
180234,180.234,0.180234,0.000180234,5.0065e-08
246191,246.191,0.246191,0.000246191,6.83864e-08
