nanoseconds,microseconds,milliseconds,seconds,hours
5509430000000000,5509430000000,5509430000,5509430,1530.3972222
10587600000000000,10587600000000,10587600000,10587600,2941
3.15908e+08,315908,315.908,0.315908,8.77524e-05
