nanoseconds,microseconds,milliseconds,seconds,hours
151266,151.266,0.151266,0.000151266,4.20183e-08
106760,106.76,0.10676,0.00010676,2.96556e-08
56855,56.855,0.056855,5.6855e-05,1.57931e-08
