nanoseconds,microseconds,milliseconds,seconds,hours
1643,1.643,0.001643,1.643e-06,4.56389e-10
54923,54.923,0.054923,5.4923e-05,1.52564e-08
1.32162e+06,1321.62,1.32162,0.00132162,3.67117e-07
9.28501e+07,92850.1,92.8501,0.0928501,2.57917e-05
9.45339e+09,9.45339e+06,9453.39,9.45339,0.00262594
1.04624e+12,1.04624e+09,1.04624e+06,1046.24,0.290621
