nanoseconds,microseconds,milliseconds,seconds,hours
1915,1.915,0.001915,1.915e-06,5.31944e-10
50401,50.401,0.050401,5.0401e-05,1.40003e-08
645900,645.9,0.6459,0.0006459,1.79417e-07
5.13349e+07,51334.9,51.3349,0.0513349,1.42597e-05
5.3508e+09,5.3508e+06,5350.8,5.3508,0.00148633
5.50943e+11,5.50943e+08,550943,550.943,0.15304
