nanoseconds,microseconds,milliseconds,seconds,hours
5.13349e+07,51334.9,51.3349,0.0513349,1.42597e-05
1.03035e+08,103035,103.035,0.103035,2.86208e-05
1.01026e+08,101026,101.026,0.101026,2.80629e-05
