nanoseconds,microseconds,milliseconds,seconds,hours
2.27223e+08,227223,227.223,0.227223,6.31176e-05
4.25925e+07,42592.5,42.5925,0.0425925,1.18313e-05
4.38148e+07,43814.8,43.8148,0.0438148,1.21708e-05
